rsid,super_pop,freq,ci_low,ci_high,n_alleles
rs3918290,AFR,0.0007575757575757576,0.00013373980274335954,0.004278872703163691,1320
rs3918290,AMR,0.001440922190201729,0.00025439690368359805,0.008116557192489517,694
rs3918290,EAS,0.0,0.0,0.0037966416877898666,1008
rs3918290,EUR,0.004970178926441352,0.0021247445670327433,0.011581959533887638,1006
rs3918290,SAS,0.0081799591002045,0.004150581586272648,0.016057973439303777,978
rs3918290,ALL,0.0029964043148222133,0.0018167323338071871,0.0049382916174490745,5006
rs55886062,AFR,0.0,0.0,0.002901857744914497,1320
rs55886062,AMR,0.0,4.336808689942018e-19,0.005504974194716966,694
rs55886062,EAS,0.0,0.0,0.0037966416877898666,1008
rs55886062,EUR,0.0009940357852882703,0.00017548876631888347,0.005609180829388006,1006
rs55886062,SAS,0.0,0.0,0.003912647416854206,978
rs55886062,ALL,0.00019976028765481422,3.526255915579652e-05,0.0011307623307329376,5006
rs67376798,AFR,0.0007575757575757576,0.00013373980274335954,0.004278872703163691,1320
rs67376798,AMR,0.002881844380403458,0.0007906451976906056,0.010446288799938655,694
rs67376798,EAS,0.0,0.0,0.0037966416877898666,1008
rs67376798,EUR,0.006958250497017893,0.0033745538077703226,0.014293167545756803,1006
rs67376798,SAS,0.0010224948875255625,0.00018051361953391222,0.0057691222484105706,978
rs67376798,ALL,0.0021973631642029563,0.0012274291836321066,0.003930737892947719,5006
rs75017182,AFR,0.0007575757575757576,0.00013373980274335954,0.004278872703163691,1320
rs75017182,AMR,0.005763688760806916,0.002243564998642468,0.014725328801899088,694
rs75017182,EAS,0.0,0.0,0.0037966416877898666,1008
rs75017182,EUR,0.02385685884691849,0.016083243053130455,0.035253124947554,1006
rs75017182,SAS,0.019427402862985686,0.012471910656882107,0.030143517330687375,978
rs75017182,ALL,0.009588493807431082,0.007239941090580369,0.012689152076756496,5006
rs115232898,AFR,0.022727272727272728,0.015965436077911083,0.032259064496780024,1320
rs115232898,AMR,0.002881844380403458,0.0007906451976906056,0.010446288799938655,694
rs115232898,EAS,0.0,0.0,0.0037966416877898666,1008
rs115232898,EUR,0.0,0.0,0.0038041609694035175,1006
rs115232898,SAS,0.0,0.0,0.003912647416854206,978
rs115232898,ALL,0.006392329204954055,0.004531717400546613,0.009009948268084506,5006
