rsid,AFR,ALL,AMR,EAS,EUR,SAS
rs115232898,0.022727272727272728,0.006392329204954055,0.002881844380403458,0.0,0.0,0.0
rs3918290,0.0007575757575757576,0.0029964043148222133,0.001440922190201729,0.0,0.004970178926441352,0.0081799591002045
rs55886062,0.0,0.00019976028765481422,0.0,0.0,0.0009940357852882703,0.0
rs67376798,0.0007575757575757576,0.0021973631642029563,0.002881844380403458,0.0,0.006958250497017893,0.0010224948875255625
rs75017182,0.0007575757575757576,0.009588493807431082,0.005763688760806916,0.0,0.02385685884691849,0.019427402862985686
