rsid,BR
rs3918290,0.001281
rs55886062,0.0
rs67376798,0.003843
rs75017182,0.00427
rs115232898,0.002562
