super_pop,Metabolizador pobre,Metabolizador intermediario,Metabolizador normal
AFR,0.0,0.048484848484848485,0.9515151515151515
AMR,0.0,0.025936599423631124,0.9740634005763689
EAS,0.0,0.0,1.0
EUR,0.0,0.07157057654075547,0.9284294234592445
SAS,0.002044989775051125,0.05112474437627812,0.9468302658486708
